{"epochs": 9.1, "acc": 99.165, "loss": 0.03223282714150846, "_timestamp": 1682085161.7080479, "_runtime": 1910.5591139793396, "_step": 10, "test_acc": 85.88773885350318, "test_loss": 0.6118273263453109, "_wandb": {"runtime": 1909}}