{"acc": 100.0, "loss": 0.00015027902777073904, "_timestamp": 1682079509.881582, "_runtime": 1394.7111110687256, "_step": 29, "_wandb": {"runtime": 1417}}