{"epochs": 4.2, "train token accuracy": 60.870000000000005, "train token loss": 1.0139489804744721, "_timestamp": 1682086759.421692, "_runtime": 299.75784182548523, "_step": 4, "_wandb": {"runtime": 299}}