{"acc": 90.52, "loss": 0.2632602018713951, "_timestamp": 1682078008.759855, "_runtime": 150.68317794799805, "_step": 3, "test_acc": 88.07722929936305, "test_loss": 0.3005905346411049, "_wandb": {"runtime": 150}}