{"epochs": 9.1, "acc": 98.86500000000001, "loss": 0.055585914577543735, "pooling": "max", "_timestamp": 1682081529.261483, "_runtime": 454.2442810535431, "_step": 10, "test_acc": 89.21178343949045, "test_loss": 0.30769203166673137, "_wandb": {"runtime": 453}}