{"epochs": 4.2, "acc": 59.975, "loss": 1.0254373702764512, "_timestamp": 1682086074.2488708, "_runtime": 299.4377007484436, "_step": 4, "_wandb": {"runtime": 298}}