{"epochs": 19.05, "acc": 99.995, "loss": 0.00322919276827015, "_timestamp": 1682080469.471139, "_runtime": 903.7132029533386, "_step": 20, "test_acc": 87.91799363057325, "test_loss": 0.47366868040174437, "_wandb": {"runtime": 903}}