{"Accuracy Instance Classifier, max pooling": 66.515, "Loss Instance Classifier: max pooling": 0.6495301905155182, "_timestamp": 1683227004.49667, "_runtime": 193.96719312667847, "_step": 0}