{"epochs": 4.2, "train token accuracy": 62.214999999999996, "train token loss": 0.989122199010849, "_timestamp": 1682087594.264374, "_runtime": 295.2119801044464, "_step": 4, "_wandb": {"runtime": 294}}